"DESCRIPTION","DURATION IN MS","NAME","PARENT SUITE","START TIME","STATUS","STOP TIME","SUB SUITE","SUITE","TEST CLASS","TEST METHOD"
"","41183","Utente tenta due volte di pagare la stessa RPT ma la conversione al nuovo modello fallisce","","2026-07-27","passed","2026-07-27","","","",""
"","2491","L'utente tenta di pagare un carrello con due RPT che hanno una quantita di versamenti oltre il limite","","2026-07-27","passed","2026-07-27","","","",""
"","2854","Utente paga un pagamento singolo di tipo PO con nessun versamento semplice e una marca da bollo","","2026-07-27","passed","2026-07-27","","","",""
"","2483","Utente paga un pagamento singolo di tipo PO con un versamento e nessuna marca da bollo","","2026-07-27","passed","2026-07-27","","","",""
"","43882","Utente paga un pagamento singolo con un versamento e una marca da bollo gia esistente in GPD","","2026-07-27","passed","2026-07-27","","","",""
"","40453","Utente paga un pagamento singolo con due versamenti e nessuna marca da bollo","","2026-07-27","passed","2026-07-27","","","",""
"","45034","L'utente paga un carrello con tre RPT, con quantita diverse di versamenti semplici e marche da bollo","","2026-07-27","passed","2026-07-27","","","",""
"","39715","Utente paga un pagamento singolo con due versamenti semplici e due marche da bollo","","2026-07-27","passed","2026-07-27","","","",""
"","6291","L'utente tenta di pagare un carrello multibeneficiario inserito da ACA e in stato valido","","2026-07-27","passed","2026-07-27","","","",""
"","39649","Utente paga un pagamento singolo con tre versamenti e nessuna marca da bollo","","2026-07-27","passed","2026-07-27","","","",""
"","39625","L'utente paga un carrello con singola RPT senza versamento semplice e una marca da bollo","","2026-07-27","passed","2026-07-27","","","",""
"","6800","Utente tenta di pagare un pagamento singolo con un versamento e nessuna marca da bollo gia esistente in GPD in stato non valido","","2026-07-27","passed","2026-07-27","","","",""
"","85454","L'utente tenta di pagare un carrello con due RPT ma la chiusura del pagamento fallisce, poi ritenta con successo","","2026-07-27","passed","2026-07-27","","","",""
"","4040","L'utente paga un carrello multibeneficiario gia esistente in GPD","","2026-07-27","failed","2026-07-27","","","",""
"","40398","Utente paga un pagamento singolo con cinque versamenti e nessuna marca da bollo","","2026-07-27","passed","2026-07-27","","","",""
"","39606","L'utente paga un carrello con singola RPT senza marca da bollo gia esistente in GPD","","2026-07-27","failed","2026-07-27","","","",""
"","6061","Utente tenta di pagare un pagamento singolo inserito da ACA e in stato non valido","","2026-07-27","passed","2026-07-27","","","",""
"","46548","L'utente paga un carrello con due RPT con versamenti multipli gia esistente in GPD","","2026-07-27","passed","2026-07-27","","","",""
"","6501","L'utente tenta di pagare un carrello con singola RPT inserita da ACA e in stato non valido","","2026-07-27","passed","2026-07-27","","","",""
"","6325","L'utente tenta di pagare un carrello con singola RPT gia esistente in GPD in stato non valido","","2026-07-27","passed","2026-07-27","","","",""
"","47918","L'utente paga un carrello con due RPT con almeno una marca da bollo gia esistente in GPD","","2026-07-27","passed","2026-07-27","","","",""
"","40313","L'utente paga un carrello con singola RPT con due versamenti semplici e una marca da bollo","","2026-07-27","passed","2026-07-27","","","",""
"","7350","Utente tenta il pagamento, poi riprova il flusso ma fallisce","","2026-07-27","passed","2026-07-27","","","",""
"","44144","L'utente paga un carrello con tre RPT per un totale di cinque versamenti","","2026-07-27","passed","2026-07-27","","","",""
"","45132","L'utente paga un carrello con tre RPT per un totale di dieci versamenti","","2026-07-27","passed","2026-07-27","","","",""
"","46176","L'utente paga un carrello con due RPT senza marca da bollo di cui una gia esistente in GPD","","2026-07-27","passed","2026-07-27","","","",""
"","39843","L'utente paga un carrello con singola RPT con tre versamenti","","2026-07-27","passed","2026-07-27","","","",""
"","39958","Utente paga un pagamento singolo con nessun versamento semplice e una marca da bollo","","2026-07-27","passed","2026-07-27","","","",""
"","6074","L'utente tenta di pagare un carrello con singola RPT inserita da ACA e in stato valido","","2026-07-27","passed","2026-07-27","","","",""
"","42552","L'utente paga un carrello con due RPT per un totale di cinque versamenti","","2026-07-27","passed","2026-07-27","","","",""
"","6867","L'utente tenta di pagare un carrello multibeneficiario inserito da ACA e in stato non valido","","2026-07-27","passed","2026-07-27","","","",""
"","40043","Utente paga un pagamento singolo con quattro versamenti e nessuna marca da bollo","","2026-07-27","passed","2026-07-27","","","",""
"","2374","L'utente tenta di pagare un carrello con una RPT che ha una quantita di versamenti e marche da bollo oltre il limite","","2026-07-27","passed","2026-07-27","","","",""
"","40512","Utente esegue un primo reindirizzamento, poi ripete il reindirizzamento e completa il flusso di pagamento","","2026-07-27","passed","2026-07-27","","","",""
"","2785","Utente paga un pagamento singolo di tipo PO con due versamenti e nessuna marca da bollo","","2026-07-27","passed","2026-07-27","","","",""
"","45473","L'utente paga un carrello con tre RPT con un versamento ciascuna","","2026-07-27","passed","2026-07-27","","","",""
"","43578","L'utente paga un carrello con due RPT, entrambe con un versamento semplice e una marca da bollo","","2026-07-27","passed","2026-07-27","","","",""
"","2462","L'utente tenta di pagare un carrello multibeneficiario con due RPT con una marca da bollo, ma fallisce perche una RPT ha la marca da bollo","","2026-07-27","passed","2026-07-27","","","",""
"","2418","Utente paga un pagamento singolo di tipo PO con un versamento semplice e una marca da bollo, ma fallisce la validazione semantica","","2026-07-27","passed","2026-07-27","","","",""
"","2477","L'utente tenta di pagare un carrello multibeneficiario con tre RPT con un versamento ciascuna, ma il carrello ha piu di 2 RPT","","2026-07-27","passed","2026-07-27","","","",""
"","42372","L'utente paga un carrello con due RPT, con quantita diverse di versamenti semplici e marche da bollo","","2026-07-27","passed","2026-07-27","","","",""
"","39934","Utente paga un pagamento singolo con due versamenti semplici e una marca da bollo","","2026-07-27","passed","2026-07-27","","","",""
"","2477","L'utente tenta di pagare un carrello multibeneficiario con due RPT con un totale di sei versamenti, ma il carrello ha piu di 5 versamenti","","2026-07-27","passed","2026-07-27","","","",""
"","6409","L'utente tenta di pagare un carrello multibeneficiario gia esistente in GPD in stato non valido","","2026-07-27","passed","2026-07-27","","","",""
"","40328","L'utente paga un carrello con singola RPT con quattro versamenti","","2026-07-27","passed","2026-07-27","","","",""
"","40050","L'utente paga un carrello con singola RPT con un versamento semplice e una marca da bollo","","2026-07-27","passed","2026-07-27","","","",""
"","2601","L'utente tenta di pagare un carrello multibeneficiario con due RPT, in cui la seconda ha due versamenti, ma la seconda RPT contiene piu di un versamento","","2026-07-27","passed","2026-07-27","","","",""
"","2557","L'utente tenta di pagare un carrello con due RPT che hanno una quantita di versamenti e marche da bollo oltre il limite","","2026-07-27","passed","2026-07-27","","","",""
"","43777","L'utente paga un carrello con due RPT, entrambe senza versamento semplice e con una marca da bollo","","2026-07-27","passed","2026-07-27","","","",""
"","43471","L'utente paga un carrello con singola RPT con versamenti multipli gia esistente in GPD","","2026-07-27","passed","2026-07-27","","","",""
"","48997","L'utente paga un carrello con quattro RPT con un versamento ciascuna","","2026-07-27","passed","2026-07-27","","","",""
"","39696","L'utente paga un carrello con singola RPT con cinque versamenti","","2026-07-27","passed","2026-07-27","","","",""
"","40668","L'utente paga un carrello multibeneficiario con due RPT con un totale di due versamenti","","2026-07-27","passed","2026-07-27","","","",""
"","39717","L'utente paga un carrello con singola RPT con due versamenti","","2026-07-27","passed","2026-07-27","","","",""
"","6252","Utente tenta di pagare un pagamento singolo inserito da ACA e in stato valido","","2026-07-27","passed","2026-07-27","","","",""
"","39697","Utente paga un pagamento singolo con un versamento semplice e una marca da bollo","","2026-07-27","passed","2026-07-27","","","",""
"","6376","L'utente tenta di pagare un carrello con due RPT inserite da ACA e in stato non valido","","2026-07-27","passed","2026-07-27","","","",""
"","40191","L'utente paga un carrello multibeneficiario con due RPT con un totale di tre versamenti","","2026-07-27","passed","2026-07-27","","","",""
"","6321","L'utente tenta di pagare un carrello con due RPT gia esistenti in GPD in stato non valido","","2026-07-27","passed","2026-07-27","","","",""
"","39936","L'utente paga un carrello con singola RPT con un versamento","","2026-07-27","passed","2026-07-27","","","",""
"","43682","L'utente paga un carrello con singola RPT con una marca da bollo gia esistente in GPD","","2026-07-27","passed","2026-07-27","","","",""
"","43329","Utente paga un pagamento singolo con un versamento e nessuna marca da bollo gia esistente in GPD","","2026-07-27","passed","2026-07-27","","","",""
"","2459","L'utente tenta di pagare un carrello con una RPT che ha una quantita di versamenti oltre il limite","","2026-07-27","passed","2026-07-27","","","",""
"","44085","Utente paga un pagamento singolo senza versamenti semplici e una marca da bollo gia esistente in GPD","","2026-07-27","passed","2026-07-27","","","",""
"","41111","L'utente tenta di pagare un carrello con due RPT ma la chiusura del pagamento fallisce","","2026-07-27","passed","2026-07-27","","","",""
"","40102","L'utente paga un carrello multibeneficiario con due RPT con un totale di quattro versamenti","","2026-07-27","passed","2026-07-27","","","",""
"","7238","L'utente tenta di pagare un carrello con due RPT inserite da ACA e in stato valido","","2026-07-27","passed","2026-07-27","","","",""
"","48823","L'utente paga un carrello con cinque RPT con un versamento ciascuna","","2026-07-27","passed","2026-07-27","","","",""
"","39575","Utente paga un pagamento singolo con un versamento e nessuna marca da bollo","","2026-07-27","passed","2026-07-27","","","",""
"","40099","L'utente paga un carrello multibeneficiario con due RPT con un totale di cinque versamenti","","2026-07-27","passed","2026-07-27","","","",""
